-- phpMyAdmin SQL Dump
-- version 5.1.4-dev+20220331.b9ddf0b305
-- https://www.phpmyadmin.net/
--
-- Host: localhost
-- Generation Time: Jan 30, 2023 at 10:29 AM
-- Server version: 10.4.27-MariaDB
-- PHP Version: 8.0.27

SET SQL_MODE = "NO_AUTO_VALUE_ON_ZERO";
START TRANSACTION;
SET time_zone = "+00:00";


/*!40101 SET @OLD_CHARACTER_SET_CLIENT=@@CHARACTER_SET_CLIENT */;
/*!40101 SET @OLD_CHARACTER_SET_RESULTS=@@CHARACTER_SET_RESULTS */;
/*!40101 SET @OLD_COLLATION_CONNECTION=@@COLLATION_CONNECTION */;
/*!40101 SET NAMES utf8mb4 */;

--
-- Database: `nryan4`
--

-- --------------------------------------------------------

--
-- Table structure for table `MTG__Card`
--

CREATE TABLE `MTG__Card` (
  `CardId` int(11) UNSIGNED NOT NULL,
  `Name` varchar(255) NOT NULL,
  `Description` text NOT NULL,
  `ManaCost` varchar(25) NOT NULL,
  `PowerToughness` varchar(10) NOT NULL,
  `ColorId` int(11) NOT NULL,
  `Legendary` tinyint(1) NOT NULL,
  `TypeId` int(11) UNSIGNED NOT NULL,
  `SubType` varchar(50) NOT NULL,
  `SetId` int(11) NOT NULL,
  `UserId` int(50) UNSIGNED NOT NULL
) ENGINE=InnoDB DEFAULT CHARSET=utf8 COLLATE=utf8_general_ci;

--
-- Dumping data for table `MTG__Card`
--

INSERT INTO `MTG__Card` (`CardId`, `Name`, `Description`, `ManaCost`, `PowerToughness`, `ColorId`, `Legendary`, `TypeId`, `SubType`, `SetId`, `UserId`) VALUES
(2, 'Anaconda', 'Swampwalk (This creature can\'t be blocked as long as defending player controls a Swamp.)', '3G', '3/3', 5, 0, 2, 'Snake', 1, 1),
(3, 'Angelic Blessing', 'Target creature gets +3/+3 and gains flying until end of turn. (It can\'t be blocked except by creatures with flying or reach.)', '2W', '', 1, 0, 6, '', 1, 1),
(4, 'Battlefield Forge', 'Tap: Add Colorless.\r\nTap: Add Red or White. Battlefield Forge deals 1 damage to you.', '0', '', 6, 0, 7, '', 1, 1),
(5, 'Unholy Strength', 'Enchant creature\r\nEnchanted creature gets +2/+1', 'B', '', 3, 0, 4, 'Aura', 1, 1),
(6, 'Battle Screech', 'Create two 1/1 white Bird creature tokens with flying.\r\nFlashback—Tap three untapped white creatures you control. (You may cast this card from your graveyard for its flashback cost. Then exile it.)', '2BB', '', 1, 0, 6, '', 2, 1),
(7, 'Ajani Goldmane', '+1: You gain 2 life.\r\n−1: Put a +1/+1 counter on each creature you control. Those creatures gain vigilance until end of turn.\r\n−6: Create a white Avatar creature token. It has \"This creature\'s power and toughness are each equal to your life total.\"', '2WW', '4', 1, 1, 3, 'Ajani', 3, 1),
(8, 'Rathi Dragon', 'Flying (This creature can\'t be blocked except by creatures with flying or reach.)\r\nWhen Rathi Dragon enters the battlefield, sacrifice it unless you sacrifice two Mountains.', '2RR', '5/5', 4, 0, 2, 'Dragon', 1, 1),
(9, 'Bane Alley Blackguard', '', '1B', '1/3', 3, 0, 2, 'Human Rogue', 1, 1),
(10, 'Elvish Champion', 'Other Elf creatures get +1/+1 and have forestwalk. (They can\'t be blocked as long as defending player controls a Forest.)', '1GG', '2/2', 5, 0, 2, 'Elf', 1, 1),
(13, 'Mountain', 'Tap: Add Red.', '0', '', 6, 0, 11, '', 3, 1),
(16, 'Kess, Dissident Mage', 'Flying\r\nOnce during each of your turns, you may cast an instant or sorcery spell from your graveyard. If a spell cast this way would be put into your graveyard, exile it instead.', '1UBR', '3/4', 7, 1, 2, 'Human Wizard', 2, 1),
(18, 'Dream Prowler', 'Dream Prowler is unblockable as long as it\'s attacking alone.', '2UU', '1/5', 2, 0, 2, 'Illusion', 1, 2),
(19, 'Patriot Two', 'my description', '2RWU', '2/2', 4, 0, 3, 'Bird', 2, 5);

-- --------------------------------------------------------

--
-- Table structure for table `MTG__Color`
--

CREATE TABLE `MTG__Color` (
  `ColorId` int(11) NOT NULL,
  `Color` varchar(10) NOT NULL,
  `Icon` blob NOT NULL,
  `ColorLetter` char(1) NOT NULL
) ENGINE=InnoDB DEFAULT CHARSET=utf8 COLLATE=utf8_general_ci;

--
-- Dumping data for table `MTG__Color`
--

INSERT INTO `MTG__Color` (`ColorId`, `Color`, `Icon`, `ColorLetter`) VALUES
(1, 'White', 0x47494638396119001900f7de001413131514151514141413146867587e7d6c737262858371f1ecc96c6b5cfdf7d226241b9b9984f5f0cc646355faf4d08c8b783e3c3246443afef9d3605f52d4d0b33a392ff8f2ce8e8c79413f3594927f77766697958167665882817093927ef2edcaaba992c1bea38584726f6e5f5e5d4fb1af97e8e3c2252219827d6f787766717061221f16242118959480d1ceb13b3a30fbf5d0747162b7b59c777266aeac959f9d888d8c79bdbba16763582c2b27bfbca25656492a29254a493e908f7b898875717060f4efcb7b7a6a7b7a69434137908e7aa3a18b797868ebe7c5757363bbb69fb8b69d6d6c5df6f1cd3835323a3734b2af95fcf9d3272523a7a58e9d9c86252422ada793a59f8ca29c8a5b5a4da8a68da9a28f908b7cdedaba787767878673a3a28c5a594c565548aca991787665eae5c3dfdbbb515044d3ccb27c7b6a726d62e2dbbda19f875b574ec4c2a492917d8c867857564a444238312f2b454339c3c1a4b5b39a69685ac9c2a9f3edca9695802e2c2349483ffcf6d138362db7b399504e441c1b1a8b8977f1ebc9d9d5b7676457cac7a9c1bfa46a695b3c3a34cecbaecac8aa5e5952363331837d70d2ceb183827057564b4b4843989682999383b2ae969b9882676557635e5621201e747464312f26898476c7c4a7e6e2c1e2debee3dcbea7a58d8e897ad8d2b681806ffffad4d8d4b64e4d42322f2deee9c7f4eecb242221696859504c46efeac71e1c1c747363c6c3a8cbc8acafaa957c776bd7d4b4f9f3cfdcd5b95d5c4f34332966655736352f6e6d5e36342a59584be5e1c045433bfefbd4dfdcbae0dcbe3d3b342d2b224d4c41f7f2cdf1ebca1a19198e8d7a5c5b4e34312f3f3d33868073c8c1a86f6b60b4b299ded7ba8a8976232220848270a7a48df3f0cb5f5e51767266423e3a211e15fffcd514131300000000000000000000000000000000000000000000000000000000000000000000000000000000000000000000000000000000000000000000000000000000000000000000000000000000000000000000000000000000000000000000000000000021ff0b584d502044617461584d503c3f787061636b657420626567696e3d22efbbbf222069643d2257354d304d7043656869487a7265537a4e54637a6b633964223f3e203c783a786d706d65746120786d6c6e733a783d2261646f62653a6e733a6d6574612f2220783a786d70746b3d2241646f626520584d5020436f726520352e332d633031312036362e3134353636312c20323031322f30322f30362d31343a35363a32372020202020202020223e203c7264663a52444620786d6c6e733a7264663d22687474703a2f2f7777772e77332e6f72672f313939392f30322f32322d7264662d73796e7461782d6e7323223e203c7264663a4465736372697074696f6e207264663a61626f75743d222220786d6c6e733a786d705269676874733d22687474703a2f2f6e732e61646f62652e636f6d2f7861702f312e302f7269676874732f2220786d6c6e733a786d704d4d3d22687474703a2f2f6e732e61646f62652e636f6d2f7861702f312e302f6d6d2f2220786d6c6e733a73745265663d22687474703a2f2f6e732e61646f62652e636f6d2f7861702f312e302f73547970652f5265736f75726365526566232220786d6c6e733a786d703d22687474703a2f2f6e732e61646f62652e636f6d2f7861702f312e302f2220786d705269676874733a4d61726b65643d2246616c73652220786d704d4d3a4f726967696e616c446f63756d656e7449443d22786d702e6469643a39383943463431353941363245333131383746374538343436374139384230342220786d704d4d3a446f63756d656e7449443d22786d702e6469643a31423132393038343632433331314533413232463944333944314341353041352220786d704d4d3a496e7374616e636549443d22786d702e6969643a31423132393038333632433331314533413232463944333944314341353041352220786d703a43726561746f72546f6f6c3d2241646f62652050686f746f73686f7020435336202857696e646f777329223e203c786d704d4d3a4465726976656446726f6d2073745265663a696e7374616e636549443d22786d702e6969643a3533354134344130424536324533313138374637453834343637413938423034222073745265663a646f63756d656e7449443d22786d702e6469643a3938394346343135394136324533313138374637453834343637413938423034222f3e203c2f7264663a4465736372697074696f6e3e203c2f7264663a5244463e203c2f783a786d706d6574613e203c3f787061636b657420656e643d2272223f3e01fffefdfcfbfaf9f8f7f6f5f4f3f2f1f0efeeedecebeae9e8e7e6e5e4e3e2e1e0dfdedddcdbdad9d8d7d6d5d4d3d2d1d0cfcecdcccbcac9c8c7c6c5c4c3c2c1c0bfbebdbcbbbab9b8b7b6b5b4b3b2b1b0afaeadacabaaa9a8a7a6a5a4a3a2a1a09f9e9d9c9b9a999897969594939291908f8e8d8c8b8a898887868584838281807f7e7d7c7b7a797877767574737271706f6e6d6c6b6a696867666564636261605f5e5d5c5b5a595857565554535251504f4e4d4c4b4a494847464544434241403f3e3d3c3b3a393837363534333231302f2e2d2c2b2a292827262524232221201f1e1d1c1b1a191817161514131211100f0e0d0c0b0a090807060504030201000021f904010000de002c00000000190019000008ff00bd091c38909712519e0e91b9944007c1870f8b017ad0ada20d380aba616ba309e243437a2a56e4600c84c86ec3027914684d5612912eb8651072b29b144c1e65743b8048248405dc2838e98600148218c2243dec13a31bb32f2f76dcea86871bb742a6502dd0d584812d3a030591eae6a788556e601665f0d542c48508dcf63498d0cdce403715151c4361f58f07088396a99060f5c3c960de14611169e6cc18182ed05845d121125006278d78cb81aba6860316ce5ad542a040b71a262a46f1960252838a2a82f45a21fa2c910d4cac56e9f6c65b970a0e288db06a80476dab2b089fc5c1c8dba86e22ceb22040e138b70d30b8713a258d80256fda9275eb3bc24d8c974d058eb7f030e440ea6e17ae799b94a76285570d087448505b4d894f356de10d2b8f9c848155ad14f04b1dd994e20037bb84f08248657833c0130672c38701b190804422248806444584f4e00d00013c33812a33f8c04d2edd8460d50ddd4030c783987513cd4002c0b2c407723863c108dd50615502277443510477747305412836138a922675a300072c70f383481acc024d350fa1e8481a359dc04d090888040c2d53783440005664711235062073522dcaac64610001b8c2051bc48451d12ad354b2cd007a0a048000014091c91a29c4d1090d8da40240a2500e20c0a69b0e70a9470101003b, 'W'),
(2, 'Blue', 0x47494638396119001900f7990015141415141514131314131415272f93c2d8354b569cc7daa1d4ec84acbf6e8f9e9bcbe25b7b8a5d7d8ca9dff855738282acc01c2e37a4d8f088b2c5a8def7a6daf3a8ddf58ab6cba8dcf489b5ca8eb2c178929c4c6876a2d6eea4d9f12a313578939e2324252e373b11232b5268723f4e550e20299ac3d699c2d466899a9fd2e997c7dd84adc04d5d6348637095c5da5371801919193046514c616a6f93a5749aac79a1b45f6f765d6c72a3d7ef3a484ea2d5ed90bed3a8dff786a6b364777e6b80897e9ba72b2e2f4552575c768294bacb5266702f32336071772d363a23282b63808d7196a89ed0e72021223045504a5d65516e7d435d69354c573336378eb1c01c1c1c495c65222629a4d4e97294a4a8dbf21c1e20738a9388b3c6697c841f323c333e439ccee59fd1e94d6a77759caea0d3eb95bed16c90a14f5b5e2e3031526f7d283c46a3d4eb6a7e8539515d94c3da53646b13252e8fb4c48ebbd04d565aa7dbf33d55617395a5a9e0f97399ab7da1b1383c3e262c2f667a820c1f275c6b72546a753642483d566242494c415a6780a8ba86b0c36688993134356d848d172932a6d7ee7c97a23e4648191a1b677981a5d5ec6a7e86799dae212222a3d3e9222324051922aae1fa14131300000000000000000000000000000000000000000000000000000000000000000000000000000000000000000000000000000000000000000000000000000000000000000000000000000000000000000000000000000000000000000000000000000000000000000000000000000000000000000000000000000000000000000000000000000000000000000000000000000000000000000000000000000000000000000000000000000000000000000000000000000000000000000000000000000000000000000000000000000000000000000000000000000000000000000000000000000000000000000000000000000000000000000000000000000000000000000000000000000000000000000000000000000000000000000000000000000000000000000000000000000000000021ff0b584d502044617461584d503c3f787061636b657420626567696e3d22efbbbf222069643d2257354d304d7043656869487a7265537a4e54637a6b633964223f3e203c783a786d706d65746120786d6c6e733a783d2261646f62653a6e733a6d6574612f2220783a786d70746b3d2241646f626520584d5020436f726520352e332d633031312036362e3134353636312c20323031322f30322f30362d31343a35363a32372020202020202020223e203c7264663a52444620786d6c6e733a7264663d22687474703a2f2f7777772e77332e6f72672f313939392f30322f32322d7264662d73796e7461782d6e7323223e203c7264663a4465736372697074696f6e207264663a61626f75743d222220786d6c6e733a786d705269676874733d22687474703a2f2f6e732e61646f62652e636f6d2f7861702f312e302f7269676874732f2220786d6c6e733a786d704d4d3d22687474703a2f2f6e732e61646f62652e636f6d2f7861702f312e302f6d6d2f2220786d6c6e733a73745265663d22687474703a2f2f6e732e61646f62652e636f6d2f7861702f312e302f73547970652f5265736f75726365526566232220786d6c6e733a786d703d22687474703a2f2f6e732e61646f62652e636f6d2f7861702f312e302f2220786d705269676874733a4d61726b65643d2246616c73652220786d704d4d3a4f726967696e616c446f63756d656e7449443d22786d702e6469643a39383943463431353941363245333131383746374538343436374139384230342220786d704d4d3a446f63756d656e7449443d22786d702e6469643a31333041313541303632433331314533383531314646463431343531323545332220786d704d4d3a496e7374616e636549443d22786d702e6969643a31333041313539463632433331314533383531314646463431343531323545332220786d703a43726561746f72546f6f6c3d2241646f62652050686f746f73686f7020435336202857696e646f777329223e203c786d704d4d3a4465726976656446726f6d2073745265663a696e7374616e636549443d22786d702e6969643a3533354134344130424536324533313138374637453834343637413938423034222073745265663a646f63756d656e7449443d22786d702e6469643a3938394346343135394136324533313138374637453834343637413938423034222f3e203c2f7264663a4465736372697074696f6e3e203c2f7264663a5244463e203c2f783a786d706d6574613e203c3f787061636b657420656e643d2272223f3e01fffefdfcfbfaf9f8f7f6f5f4f3f2f1f0efeeedecebeae9e8e7e6e5e4e3e2e1e0dfdedddcdbdad9d8d7d6d5d4d3d2d1d0cfcecdcccbcac9c8c7c6c5c4c3c2c1c0bfbebdbcbbbab9b8b7b6b5b4b3b2b1b0afaeadacabaaa9a8a7a6a5a4a3a2a1a09f9e9d9c9b9a999897969594939291908f8e8d8c8b8a898887868584838281807f7e7d7c7b7a797877767574737271706f6e6d6c6b6a696867666564636261605f5e5d5c5b5a595857565554535251504f4e4d4c4b4a494847464544434241403f3e3d3c3b3a393837363534333231302f2e2d2c2b2a292827262524232221201f1e1d1c1b1a191817161514131211100f0e0d0c0b0a090807060504030201000021f90401000099002c00000000190019000008ff0033091c38f003092d87262450304309c1870f45ecd982a9a2454c1d147081f8104a9b8b152b78b0f842074781444056144366c7c51e57381a5159d1402195794a3c146447a585079760d054d167e0a33334a35cba348826a6040387d064b2f4929c054ec3644a0242e50a02552f3170ba24530b142a5d84bdf4870ecd4999fc60009961edd2271254b2c8a448a514bb4b393800e92513109005005f5a138106c809990065b9a8473104346c065b3494c991868b88002f1a032702828b783251fa713105e029980a8c68723150a601892ed6006ce2c11b02a72b56c29249400048161780556c8082c5380301589963b181e24b362c0621685ccd818a12ee00561e5bb18a9387c68f14a998a30198aa32ca58f41182e38000963658347301020fe7152111c349b7051000218d1cc08845919cd0051f0310289000000440451a37b821c91738d4218400127237000024923800881c0504003b, 'U'),
(3, 'Black', 0x47494638396119001900f7c800141313151415151414c0b8b51413145451514542421813149b9594c8bfbdbab3b02f2c2c3532321b16176562624f4c4c535050c7bfbcbdb5b3a29a99b1aaa8140e102a272736333366636284807f3835352824259d9594a8a2a01712133b3838b6afad3f3c3c2e2b2b3431315853521a1919827c7b605b5ac1b9b6c5bcba211d1ec9c0bd312d2e1a1516706d6c2523233e3b3ba09a992b2828252122c3bbb8908b8a504d4d7571714c49494e4b4b625e5ec2b9b6454140676160736d6c5651511f1a1b221e1f74706f878180c0b9b63c3a3a3c3938a89f9db4aba9b8afad8f8a8abcb4b28a83828d8988898280817d7c1e1d1c9b9391383536625d5c6c67666c66657975756b6564464343b5adab272525837f7e484444222020beb5b3746e6d8f88875c595976706f323030302e2e2a2828413e3e494545686261a59f9db6aeac3a373763605fa39b99797371a59c9aa39d9b928c8aa29c9b3e3b3a75706f4e4a49555150423f3f8f8a89c4bbb9c4bbb8595554bfb7b4bfb7b5292626b4acaa827c7ab4adab736f6fb9afad312e2fa39d9c868281c0b8b6c2b9b716101154504f322f30201c1d888180928d8c777170c6bebba8a1a0b3aaa8afa8a5aba4a3cac1be726f6e9b96951d1b1b8b86856a6767cac0bea69d9b716b6a8c87868e8785c3b9b7242222242020595656797270a6a09ecbc1bfa6a09f9991906f6b6b21201f91898843403f605c5cada4a37e7a79333130c8bfbc5e5a59676363c7bebb1e191aa09897898584b7b0ad9e96957c7574272324878382918c8b2e2c2bc6bdbabab2b0a9a3a17c78779e9897686565777372ccc2c0130c0e14131300000000000000000000000000000000000000000000000000000000000000000000000000000000000000000000000000000000000000000000000000000000000000000000000000000000000000000000000000000000000000000000000000000000000000000000000000000000000000000000000000000000000000000000000000000000000000000000000000000000000000000000000000000000000000000021ff0b584d502044617461584d503c3f787061636b657420626567696e3d22efbbbf222069643d2257354d304d7043656869487a7265537a4e54637a6b633964223f3e203c783a786d706d65746120786d6c6e733a783d2261646f62653a6e733a6d6574612f2220783a786d70746b3d2241646f626520584d5020436f726520352e332d633031312036362e3134353636312c20323031322f30322f30362d31343a35363a32372020202020202020223e203c7264663a52444620786d6c6e733a7264663d22687474703a2f2f7777772e77332e6f72672f313939392f30322f32322d7264662d73796e7461782d6e7323223e203c7264663a4465736372697074696f6e207264663a61626f75743d222220786d6c6e733a786d705269676874733d22687474703a2f2f6e732e61646f62652e636f6d2f7861702f312e302f7269676874732f2220786d6c6e733a786d704d4d3d22687474703a2f2f6e732e61646f62652e636f6d2f7861702f312e302f6d6d2f2220786d6c6e733a73745265663d22687474703a2f2f6e732e61646f62652e636f6d2f7861702f312e302f73547970652f5265736f75726365526566232220786d6c6e733a786d703d22687474703a2f2f6e732e61646f62652e636f6d2f7861702f312e302f2220786d705269676874733a4d61726b65643d2246616c73652220786d704d4d3a4f726967696e616c446f63756d656e7449443d22786d702e6469643a39383943463431353941363245333131383746374538343436374139384230342220786d704d4d3a446f63756d656e7449443d22786d702e6469643a30383742303635463632433331314533413642394533454130343037393237342220786d704d4d3a496e7374616e636549443d22786d702e6969643a30383742303635453632433331314533413642394533454130343037393237342220786d703a43726561746f72546f6f6c3d2241646f62652050686f746f73686f7020435336202857696e646f777329223e203c786d704d4d3a4465726976656446726f6d2073745265663a696e7374616e636549443d22786d702e6969643a3533354134344130424536324533313138374637453834343637413938423034222073745265663a646f63756d656e7449443d22786d702e6469643a3938394346343135394136324533313138374637453834343637413938423034222f3e203c2f7264663a4465736372697074696f6e3e203c2f7264663a5244463e203c2f783a786d706d6574613e203c3f787061636b657420656e643d2272223f3e01fffefdfcfbfaf9f8f7f6f5f4f3f2f1f0efeeedecebeae9e8e7e6e5e4e3e2e1e0dfdedddcdbdad9d8d7d6d5d4d3d2d1d0cfcecdcccbcac9c8c7c6c5c4c3c2c1c0bfbebdbcbbbab9b8b7b6b5b4b3b2b1b0afaeadacabaaa9a8a7a6a5a4a3a2a1a09f9e9d9c9b9a999897969594939291908f8e8d8c8b8a898887868584838281807f7e7d7c7b7a797877767574737271706f6e6d6c6b6a696867666564636261605f5e5d5c5b5a595857565554535251504f4e4d4c4b4a494847464544434241403f3e3d3c3b3a393837363534333231302f2e2d2c2b2a292827262524232221201f1e1d1c1b1a191817161514131211100f0e0d0c0b0a090807060504030201000021f904010000c8002c00000000190019000008ff0091091c3870c18921b6267030b1470bc1870f47c481646c002e354b56180365020ac4873f8880286640c68144a2a4e888614c12ab8f02a9184b70e198cd9b374719db64e7e30963c332ddc189b3051b04344c9d79388716a55a0e6a88207aac010408c7c224f0526660894903581cf380e5c106a21570de30c661601d63afd052c5194481b135c86031a964c666011d7ee6326815c2e613637490914002e2c0b12dc68c29b041d401226311881db3610c0c321fb1d21c2b1039320a063773949ea96141845cc8741993732cc36a63196eb25ced80519e36c8dc18cb72cc400709030648d01402c6b15b03fa0ce0536a9186151390f5d8610c83cd16bb64cce338d6cb8a8163162ccc6860138f3154c878708a8c40080e153645045262e8e602089604135923c874d1c96d149c55040a7074e0170db74d810c0123dc1681581fa4204121360972db0e2f200340005faca60010c71cf00121ce1de3c26db20c2400264794464171a8e170cc03c760b0da2a048d48c6209145728c30b33470c33108a8405a646fa8f2d08863b862cc29c7a4e289074dd400cc8e91451122440404108a13bfb8e0c821974436400ebc18534509304d1840005c7c92440aa5e9f10720461050a740000810c005245cf1082962a0a1882f000c1a240102545a2901917e1410003b, 'B'),
(4, 'Red', 0x47494638396119001900f7d000141313151414151415141314f7a98eb37c69efa48af4a78d220200815749613f34c68874eaa08744271c55352aeaa188cf8e79694539c789746c473b704b3ed3917b9d6e5db77e6bb87f6c2f1306f0a48b230400c58873d7947da77362a672615a392eae7866b27a688d6051eea38aa26f5f5031263b1f14250500280900dd9880bf846f65423798685857372cce8e78a06e5d714b3f482b20de9881332a28603e32352c2a7b5346e49c853c2d282b22209c6b5b66493fa57260755348e59d85f6a88eb17b69976757ca8b76725146503227352925d3927d65483f7151467b5245b88272b57d6a472a20624034eda38a54342ae89f86956656c88a758c655b754f42e9a088f3a68d3014081c1817664b43604a44e19b836e5148936555c286717750436f493d836057a773614235324e3933c38772996e62a8776a56362b241e1d3a1d13724c40734d40754e411b1818b9806cd6937dcf8f798e675c2a211f58382d3d2016a47261e69e86e59e85a47466dd99838c665ce79e86bc826e6c483b795144ab766480574946291f59392e4d2f24775850e49c84ab796a865b4dbe836fc68a78b67d6a825b4ed79681372e2cdf9982a3705fdc99838a655b51403c644c477d5c548861577e554848352f9667579f6d5d272221cd8d78302522262120c08470c18571a57261391c1224201f3b302fd99781c688738f6253eea48b92695ea37060a17467b97f6c6a4c42c58a78eaa289c88c7a33170b6441357c5b538d6355b37b692a0d00211b1aac7765af786643261c5a433c3b2c2865423644322dd5927c78595184594b5132284d3d38eda289392f2dda957e8763591e1b1b563e36d1907acf907cbd826ff9aa8f20000014131300000000000000000000000000000000000000000000000000000000000000000000000000000000000000000000000000000000000000000000000000000000000000000000000000000000000000000000000000000000000000000000000000000000000000000000000000000000000000000000000000000000000000000000000000000000000000000021ff0b584d502044617461584d503c3f787061636b657420626567696e3d22efbbbf222069643d2257354d304d7043656869487a7265537a4e54637a6b633964223f3e203c783a786d706d65746120786d6c6e733a783d2261646f62653a6e733a6d6574612f2220783a786d70746b3d2241646f626520584d5020436f726520352e332d633031312036362e3134353636312c20323031322f30322f30362d31343a35363a32372020202020202020223e203c7264663a52444620786d6c6e733a7264663d22687474703a2f2f7777772e77332e6f72672f313939392f30322f32322d7264662d73796e7461782d6e7323223e203c7264663a4465736372697074696f6e207264663a61626f75743d222220786d6c6e733a786d705269676874733d22687474703a2f2f6e732e61646f62652e636f6d2f7861702f312e302f7269676874732f2220786d6c6e733a786d704d4d3d22687474703a2f2f6e732e61646f62652e636f6d2f7861702f312e302f6d6d2f2220786d6c6e733a73745265663d22687474703a2f2f6e732e61646f62652e636f6d2f7861702f312e302f73547970652f5265736f75726365526566232220786d6c6e733a786d703d22687474703a2f2f6e732e61646f62652e636f6d2f7861702f312e302f2220786d705269676874733a4d61726b65643d2246616c73652220786d704d4d3a4f726967696e616c446f63756d656e7449443d22786d702e6469643a39383943463431353941363245333131383746374538343436374139384230342220786d704d4d3a446f63756d656e7449443d22786d702e6469643a31374345453845303632433331314533414646314531354333374531453935322220786d704d4d3a496e7374616e636549443d22786d702e6969643a31374345453844463632433331314533414646314531354333374531453935322220786d703a43726561746f72546f6f6c3d2241646f62652050686f746f73686f7020435336202857696e646f777329223e203c786d704d4d3a4465726976656446726f6d2073745265663a696e7374616e636549443d22786d702e6969643a3533354134344130424536324533313138374637453834343637413938423034222073745265663a646f63756d656e7449443d22786d702e6469643a3938394346343135394136324533313138374637453834343637413938423034222f3e203c2f7264663a4465736372697074696f6e3e203c2f7264663a5244463e203c2f783a786d706d6574613e203c3f787061636b657420656e643d2272223f3e01fffefdfcfbfaf9f8f7f6f5f4f3f2f1f0efeeedecebeae9e8e7e6e5e4e3e2e1e0dfdedddcdbdad9d8d7d6d5d4d3d2d1d0cfcecdcccbcac9c8c7c6c5c4c3c2c1c0bfbebdbcbbbab9b8b7b6b5b4b3b2b1b0afaeadacabaaa9a8a7a6a5a4a3a2a1a09f9e9d9c9b9a999897969594939291908f8e8d8c8b8a898887868584838281807f7e7d7c7b7a797877767574737271706f6e6d6c6b6a696867666564636261605f5e5d5c5b5a595857565554535251504f4e4d4c4b4a494847464544434241403f3e3d3c3b3a393837363534333231302f2e2d2c2b2a292827262524232221201f1e1d1c1b1a191817161514131211100f0e0d0c0b0a090807060504030201000021f904010000d0002c00000000190019000008ff00a1091c38d008913b5f38acb0e04a07c1870f7304c923a75981501d34382b660117c4873c1e30181228518d0dcf1a60aae0ec58998f021b395b35aa810a67cea29878f60c81106740907c4ce28c094f192f487c10e6c0cb073bcf4418c0a1ec61a62b7822801843c019b029225ae15c8022c38b125c3c0dcc72c4d903030c703aeb30c1c133461e1e1479c6a2c4a6150379c91d8c73d92e5f8772a539d173079403bfa0f5d24398f001b96c78a64411a716342d8e2a8b36a001c620cd174240bb7459f46045262460f0a3d9162868aa08f7810146411b299a583c2b34c24302cd154e419b33980421cdd09f85b8a12003cf08ce384033044baea0e89a1338c903a4f9c40c6770a0115b8413520af0580ae0b4fb4c160467104441232506e705f0cfd481530b3cad01810a0a60e00334031883932e0022e082139acde2c63320584107340008808c339d0028620c3f74315000c9c442800b22a630cc0455a0b280338810d4a10d7b2c801278917425d72b6a3cd4e123cc1008de2d4dfc5100014b70f2d100027cc28a1909844101054a8cd083047159f2064c0c0a2000256848928a5c4f9872061903802910000108504a25b450c1c724c16c4103006eda38400080023a009f1f0504003b, 'R'),
(5, 'Green', 0x47494638396119001900f7ba0015141414131314131400190f223d304a6c59001d132d493b191a184b6d5a354239001c122e4b3c688b746e8c776e997f4a6b584d705c74a18518332792c7a4001f146d977e92c4a38fc3a187b999475c4e9ad2ad96cca8254033586d5e213c2f5478630020165d836d83ab9099d0ac44655393c8a55275614d6f5c2742354363527dac8f2f4b3d8fc2a097cca91f201f436351648c743e4f44324f400524195a776455685a395747304c3e617a68526b5a78a589171716577360698b74122d226d927a3f5f4e262d2872927c51746094c9a6627c6a729d8350735f6c967d91c5a3597f69001b101a1b1a84ae921d1d1d93c7a409261c88b29599ceaa3a493f82a98e5c826b577c672b302d96cba894c6a5243e32292d2a4c6e5b375445272d2877a4882b473976a388637d6b314e3f7dab8e7cab8e16312625282560877063806c2122215f7d6974a08551635715151488ba9a1616152e39316788726891792b312d86b8987da98c3350414d64546d987e6b957c77a0857ea38a47594d53776383b495353b364a5c4f94c8a595cba783ad917fa48b3b5a4a5e846e7ba58917322697ceaa3e5d4c586c5d86b69786b6961919184b6c5a42544700180d648d7587b295426150506958698b7581b193789b8364856f75967f5b816b89b9995479647ba68a8dbb9c7aa88b48695738413a19191985b6975163560422180c281e6a947b4e5e533d5b4b2743355f7e693f49426189726076673d5c4b40604f2a322c689178252c271514159bd3ae00170b14131300000000000000000000000000000000000000000000000000000000000000000000000000000000000000000000000000000000000000000000000000000000000000000000000000000000000000000000000000000000000000000000000000000000000000000000000000000000000000000000000000000000000000000000000000000000000000000000000000000000000000000000000000000000000000000000000000000000000000000000000000000000000000000000000000000000000000000000000000000021ff0b584d502044617461584d503c3f787061636b657420626567696e3d22efbbbf222069643d2257354d304d7043656869487a7265537a4e54637a6b633964223f3e203c783a786d706d65746120786d6c6e733a783d2261646f62653a6e733a6d6574612f2220783a786d70746b3d2241646f626520584d5020436f726520352e332d633031312036362e3134353636312c20323031322f30322f30362d31343a35363a32372020202020202020223e203c7264663a52444620786d6c6e733a7264663d22687474703a2f2f7777772e77332e6f72672f313939392f30322f32322d7264662d73796e7461782d6e7323223e203c7264663a4465736372697074696f6e207264663a61626f75743d222220786d6c6e733a786d705269676874733d22687474703a2f2f6e732e61646f62652e636f6d2f7861702f312e302f7269676874732f2220786d6c6e733a786d704d4d3d22687474703a2f2f6e732e61646f62652e636f6d2f7861702f312e302f6d6d2f2220786d6c6e733a73745265663d22687474703a2f2f6e732e61646f62652e636f6d2f7861702f312e302f73547970652f5265736f75726365526566232220786d6c6e733a786d703d22687474703a2f2f6e732e61646f62652e636f6d2f7861702f312e302f2220786d705269676874733a4d61726b65643d2246616c73652220786d704d4d3a4f726967696e616c446f63756d656e7449443d22786d702e6469643a39383943463431353941363245333131383746374538343436374139384230342220786d704d4d3a446f63756d656e7449443d22786d702e6469643a32314439383237443632433331314533383739424536454141333245373741332220786d704d4d3a496e7374616e636549443d22786d702e6969643a32314439383237433632433331314533383739424536454141333245373741332220786d703a43726561746f72546f6f6c3d2241646f62652050686f746f73686f7020435336202857696e646f777329223e203c786d704d4d3a4465726976656446726f6d2073745265663a696e7374616e636549443d22786d702e6969643a3533354134344130424536324533313138374637453834343637413938423034222073745265663a646f63756d656e7449443d22786d702e6469643a3938394346343135394136324533313138374637453834343637413938423034222f3e203c2f7264663a4465736372697074696f6e3e203c2f7264663a5244463e203c2f783a786d706d6574613e203c3f787061636b657420656e643d2272223f3e01fffefdfcfbfaf9f8f7f6f5f4f3f2f1f0efeeedecebeae9e8e7e6e5e4e3e2e1e0dfdedddcdbdad9d8d7d6d5d4d3d2d1d0cfcecdcccbcac9c8c7c6c5c4c3c2c1c0bfbebdbcbbbab9b8b7b6b5b4b3b2b1b0afaeadacabaaa9a8a7a6a5a4a3a2a1a09f9e9d9c9b9a999897969594939291908f8e8d8c8b8a898887868584838281807f7e7d7c7b7a797877767574737271706f6e6d6c6b6a696867666564636261605f5e5d5c5b5a595857565554535251504f4e4d4c4b4a494847464544434241403f3e3d3c3b3a393837363534333231302f2e2d2c2b2a292827262524232221201f1e1d1c1b1a191817161514131211100f0e0d0c0b0a090807060504030201000021f904010000ba002c00000000190019000008ff0075091c3890960e208940f1d9240901c1870f85f87041410423184770e1f294270ec4871a06e132712097c95c5732982972e7cb475d3cd8b4596201c949934c16e4da02a605958f6af49c1c70b3e8192524143c9481cb52d1a727235078d464208242b84641dd0a02578f817e706521b015ea010c506ce9923304c38da7a94e986415a6289e0d1a74090a25f766870fb94a54c8f560cf53513574e5c055a028995937834c782a618eae31b856dc1c40b468081c37176468a0cb08ae043727d4b2626068824f45239076738145d10a28549c0c1145110444104c8270a58b541f58275b9529918bc6cd348b34e27a1083d0255d2f3c6c20f24116208d9d6e32a0904e1e9752015cb4e022419e03599391ca6b742030c0ad46f27179392942fe943a0301f04415e599d0c14928c8670341f66131022ea6fcc1c00f3719d0451216d8814b2c6f3c64df1a9c88a1ca0e05a0928201644d92cb0c8eac22c04702dc02c92917e00207251214c0c121746482492000bca44b8cb7a0e181262348e144258638f04a292f0aa94b0000dc62e59557021080940c0a00c0975f0ab0e5470101003b, 'G'),
(6, 'Colorless', 0x89504e470d0a1a0a0000000d4948445200000019000000190806000000c4e985630000001974455874536f6674776172650041646f626520496d616765526561647971c9653c0000037869545874584d4c3a636f6d2e61646f62652e786d7000000000003c3f787061636b657420626567696e3d22efbbbf222069643d2257354d304d7043656869487a7265537a4e54637a6b633964223f3e203c783a786d706d65746120786d6c6e733a783d2261646f62653a6e733a6d6574612f2220783a786d70746b3d2241646f626520584d5020436f726520352e352d633032312037392e3135353737322c20323031342f30312f31332d31393a34343a30302020202020202020223e203c7264663a52444620786d6c6e733a7264663d22687474703a2f2f7777772e77332e6f72672f313939392f30322f32322d7264662d73796e7461782d6e7323223e203c7264663a4465736372697074696f6e207264663a61626f75743d222220786d6c6e733a786d704d4d3d22687474703a2f2f6e732e61646f62652e636f6d2f7861702f312e302f6d6d2f2220786d6c6e733a73745265663d22687474703a2f2f6e732e61646f62652e636f6d2f7861702f312e302f73547970652f5265736f75726365526566232220786d6c6e733a786d703d22687474703a2f2f6e732e61646f62652e636f6d2f7861702f312e302f2220786d704d4d3a4f726967696e616c446f63756d656e7449443d22786d702e6469643a62626233376634372d656638392d343439342d616434312d6433666638393962373963382220786d704d4d3a446f63756d656e7449443d22786d702e6469643a45344139343631463932434631314535383346464142363430354236394532362220786d704d4d3a496e7374616e636549443d22786d702e6969643a45344139343631453932434631314535383346464142363430354236394532362220786d703a43726561746f72546f6f6c3d2241646f62652050686f746f73686f70204343203230313420284d6163696e746f736829223e203c786d704d4d3a4465726976656446726f6d2073745265663a696e7374616e636549443d22786d702e6969643a62626233376634372d656638392d343439342d616434312d643366663839396237396338222073745265663a646f63756d656e7449443d22786d702e6469643a62626233376634372d656638392d343439342d616434312d643366663839396237396338222f3e203c2f7264663a4465736372697074696f6e3e203c2f7264663a5244463e203c2f783a786d706d6574613e203c3f787061636b657420656e643d2272223f3ecdfafe54000003e34944415478da84566b48545b14fee68c33958e76a59b488559142af6b8291722b2c2647a885476bb3e28733235b9a8f4337b4242495019d9731c4b8dc87c8cddb4b76816156a29f7fec96e464404f6b80d4a35e38cb6f6f638cc6b9fd9f0b1f73eb3cffa66edf5adb58e6a6c6c0ca2d1d3d91142d31f84f58438c26c82447010de12ba08b7088df1092b87447654be48c878104d258422820efe8785504e2823b26f7e4988e0779aea0891beac8d8e8d42524922b201e63911bd707d287910e869ea10118c38ecb870a946c9a3b984476427d12789ec8199304564e14147279aae37e069cf7325a240c24db2b7c48d448e419d12c1c72f9f515d5dcbd74653152c43434a44cc4e3dd90d74f5a44474456cd8ec23a8386fc4e7c18fd08504e3dd9bb7305eaee1f1f173757b38892cd322d14966a8b2fa0a9e743ec6b4b0e9283d7c08015a0deeb6de465d53b33fd51532fb929c073a1181a9f62accf58d7c9fb3231b31f3e7c3b0c3c0f755c62ab4de7ba0443295902ac989e635ac361b2a2e9a70fdea35be4fcb4cc7ea15097cbd31791d92d6eaf9bafc44399a5a5a958892d57986eca3b408757dfa617010c74e9e42fbfd36bedf929106c3d60ca854aa71b54812e27e5b844f160b06fe7b8deeae6e0c5bad888d89822640e3250255f7c376c78400ec0e07da1e76c25849eaf9f23f42427f417e7e2e92640f3c073b5fdf7c0335a43abb6d0451b131c8cd31606174b4dbad331267ca9f319ad0dc68e66b465076a414732322fcd69417fffc8bbd7bf7c36177f07d5e413e36a7243b7f67d7b57fc2137605613366e0657f3ff7e4195d4358783866cf9a2954de9db6769ca0b8587f58e9dd70ecde5d0c7de24ae7d5b262ca3c792d6bda2d26272bcea2b7ab87ef0d3b0d484fdde49e3b2336ca955aa7e7cb57ad40416e0e7e0d0df5aa67cc9365b458e0fa34382808cb972d7506b6f7792f26eb82101b1d35fed7461d384b71fbdb7c635c18e97fa29062a70b0cf4e5f05d49ee07de7561d2641417e441bf7ecd7829a18cefeeebe36b73cb6db434dfe4ebed39d9d899b515016ab52864b71849a3dc0fbc8656a345e1ae3c2424aee2fbd367cea17fe00d4c9526becfd89689cccda9fefa4c832477b472d1292de9be98d4c2e4f9e1dd7b94ec3bc0e59aa84fc2b6b42dfe84779cec0f4f14c832b9e1f81c2c46457f154033498ba1af1644cc89c42eca07b5a45622784538e6acc272cb6435ec9be88d799191c8da9ee5ac61538383950886991ec8ee77b7a625b7cc14c277d19b29ebf4d890ba114be3e3fc116c207b7d4a3d9e75b47acfdc716616c957e19a5ec91ef4097bbc8b470b09a5be54272060e70e12167b12083f893cbebb984659218a57f8ee6a602a12d9f929c000f9767522a74208350000000049454e44ae426082, 'C'),
(7, 'MultiColor', 0x89504e470d0a1a0a0000000d4948445200000019000000190806000000c4e985630000001974455874536f6674776172650041646f626520496d616765526561647971c9653c0000037869545874584d4c3a636f6d2e61646f62652e786d7000000000003c3f787061636b657420626567696e3d22efbbbf222069643d2257354d304d7043656869487a7265537a4e54637a6b633964223f3e203c783a786d706d65746120786d6c6e733a783d2261646f62653a6e733a6d6574612f2220783a786d70746b3d2241646f626520584d5020436f726520352e352d633032312037392e3135353737322c20323031342f30312f31332d31393a34343a30302020202020202020223e203c7264663a52444620786d6c6e733a7264663d22687474703a2f2f7777772e77332e6f72672f313939392f30322f32322d7264662d73796e7461782d6e7323223e203c7264663a4465736372697074696f6e207264663a61626f75743d222220786d6c6e733a786d704d4d3d22687474703a2f2f6e732e61646f62652e636f6d2f7861702f312e302f6d6d2f2220786d6c6e733a73745265663d22687474703a2f2f6e732e61646f62652e636f6d2f7861702f312e302f73547970652f5265736f75726365526566232220786d6c6e733a786d703d22687474703a2f2f6e732e61646f62652e636f6d2f7861702f312e302f2220786d704d4d3a4f726967696e616c446f63756d656e7449443d22786d702e6469643a62626233376634372d656638392d343439342d616434312d6433666638393962373963382220786d704d4d3a446f63756d656e7449443d22786d702e6469643a45344139343631463932434631314535383346464142363430354236394532362220786d704d4d3a496e7374616e636549443d22786d702e6969643a45344139343631453932434631314535383346464142363430354236394532362220786d703a43726561746f72546f6f6c3d2241646f62652050686f746f73686f70204343203230313420284d6163696e746f736829223e203c786d704d4d3a4465726976656446726f6d2073745265663a696e7374616e636549443d22786d702e6969643a62626233376634372d656638392d343439342d616434312d643366663839396237396338222073745265663a646f63756d656e7449443d22786d702e6469643a62626233376634372d656638392d343439342d616434312d643366663839396237396338222f3e203c2f7264663a4465736372697074696f6e3e203c2f7264663a5244463e203c2f783a786d706d6574613e203c3f787061636b657420656e643d2272223f3ecdfafe54000003e34944415478da84566b48545b14fee68c33958e76a59b488559142af6b8291722b2c2647a885476bb3e28733235b9a8f4337b4242495019d9731c4b8dc87c8cddb4b76816156a29f7fec96e464404f6b80d4a35e38cb6f6f638cc6b9fd9f0b1f73eb3cffa66edf5adb58e6a6c6c0ca2d1d3d91142d31f84f58438c26c82447010de12ba08b7088df1092b87447654be48c878104d258422820efe8785504e2823b26f7e4988e0779aea0891beac8d8e8d42524922b201e63911bd707d287910e869ea10118c38ecb870a946c9a3b984476427d12789ec8199304564e14147279aae37e069cf7325a240c24db2b7c48d448e419d12c1c72f9f515d5dcbd74653152c43434a44cc4e3dd90d74f5a44474456cd8ec23a8386fc4e7c18fd08504e3dd9bb7305eaee1f1f173757b38892cd322d14966a8b2fa0a9e743ec6b4b0e9283d7c08015a0deeb6de465d53b33fd51532fb929c073a1181a9f62accf58d7c9fb3231b31f3e7c3b0c3c0f755c62ab4de7ba0443295902ac989e635ac361b2a2e9a70fdea35be4fcb4cc7ea15097cbd31791d92d6eaf9bafc44399a5a5a958892d57986eca3b408757dfa617010c74e9e42fbfd36bedf929106c3d60ca854aa71b54812e27e5b844f160b06fe7b8deeae6e0c5bad888d89822640e3250255f7c376c78400ec0e07da1e76c25849eaf9f23f42427f417e7e2e92640f3c073b5fdf7c0335a43abb6d0451b131c8cd31606174b4dbad331267ca9f319ad0dc68e66b465076a414732322fcd69417fffc8bbd7bf7c36177f07d5e413e36a7243b7f67d7b57fc2137605613366e0657f3ff7e4195d4358783866cf9a2954de9db6769ca0b8587f58e9dd70ecde5d0c7de24ae7d5b262ca3c792d6bda2d26272bcea2b7ab87ef0d3b0d484fdde49e3b2336ca955aa7e7cb57ad40416e0e7e0d0df5aa67cc9365b458e0fa34382808cb972d7506b6f7792f26eb82101b1d35fed7461d384b71fbdb7c635c18e97fa29062a70b0cf4e5f05d49ee07de7561d2641417e441bf7ecd7829a18cefeeebe36b73cb6db434dfe4ebed39d9d899b515016ab52864b71849a3dc0fbc8656a345e1ae3c2424aee2fbd367cea17fe00d4c9526becfd89689cccda9fefa4c832477b472d1292de9be98d4c2e4f9e1dd7b94ec3bc0e59aa84fc2b6b42dfe84779cec0f4f14c832b9e1f81c2c46457f154033498ba1af1644cc89c42eca07b5a45622784538e6acc272cb6435ec9be88d799191c8da9ee5ac61538383950886991ec8ee77b7a625b7cc14c277d19b29ebf4d890ba114be3e3fc116c207b7d4a3d9e75b47acfdc716616c957e19a5ec91ef4097bbc8b470b09a5be54272060e70e12167b12083f893cbebb984659218a57f8ee6a602a12d9f929c000f9767522a74208350000000049454e44ae426082, 'M');

-- --------------------------------------------------------

--
-- Table structure for table `MTG__Set`
--

CREATE TABLE `MTG__Set` (
  `SetId` int(11) NOT NULL,
  `SetName` varchar(255) NOT NULL
) ENGINE=InnoDB DEFAULT CHARSET=utf8 COLLATE=utf8_general_ci;

--
-- Dumping data for table `MTG__Set`
--

INSERT INTO `MTG__Set` (`SetId`, `SetName`) VALUES
(1, 'Ninth Edition'),
(2, 'Modern Horizons'),
(3, 'Lorwyn');

-- --------------------------------------------------------

--
-- Table structure for table `MTG__Type`
--

CREATE TABLE `MTG__Type` (
  `TypeId` int(11) NOT NULL,
  `Type` varchar(50) NOT NULL
) ENGINE=InnoDB DEFAULT CHARSET=utf8 COLLATE=utf8_general_ci;

--
-- Dumping data for table `MTG__Type`
--

INSERT INTO `MTG__Type` (`TypeId`, `Type`) VALUES
(1, 'Artifact'),
(2, 'Creature'),
(3, 'Planeswalker'),
(4, 'Enchantment'),
(5, 'Instant'),
(6, 'Sorcery'),
(7, 'Land'),
(8, 'Basic Land - Plains'),
(9, 'Basic Land - Island'),
(10, 'Basic Land - Swamp'),
(11, 'Basic Land - Mountain'),
(12, 'Basic Land - Forest');

-- --------------------------------------------------------

--
-- Table structure for table `MTG__Users`
--

CREATE TABLE `MTG__Users` (
  `UserId` int(10) UNSIGNED NOT NULL,
  `Password` varchar(255) NOT NULL,
  `Role` varchar(20) NOT NULL,
  `Email` varchar(255) NOT NULL
) ENGINE=InnoDB DEFAULT CHARSET=utf8 COLLATE=utf8_general_ci;

--
-- Dumping data for table `MTG__Users`
--

INSERT INTO `MTG__Users` (`UserId`, `Password`, `Role`, `Email`) VALUES
(1, '$2y$10$3//0eoT6.Eaa9/GrbP6Fue0FLmu5m3G0b7PUdLeDIzvarEjRDpxwm', 'Admin', 'Admin'),
(2, '$2y$10$Of0KWn7YJ.6Lk/aQRrWLj.kQXx1tvzZ7/vh9DBXQNidHcOI78UGxi', 'User', 'User1'),
(5, '$2y$10$G64MHS2drQvrsG7fU8USqeoFxs3RaKeN0FmRe1s4THeNBtpozgAF.', 'User', 'tkowalch@.edu'),
(6, '$2y$10$xRXwyjFCIrvJg9n7qH4LkOq6M7nSz.2/jjv6Bsk81a1GHxnG71iy2', 'User', 'nryan4@.com'),
(7, '$2y$10$cIntqkWxfzWS/Y0xqTREreohlPrFDz.2lDeO3utr9Or8kOZBTRea6', 'User', 'nryan4@.com'),
(8, '$2y$10$KPu1wanKfLIAlTfzSBYL0.mRzjHAgpxlB63oJ15turpJwQJiT5vU6', 'User', 'user@.com');

--
-- Indexes for dumped tables
--

--
-- Indexes for table `MTG__Card`
--
ALTER TABLE `MTG__Card`
  ADD PRIMARY KEY (`CardId`);

--
-- Indexes for table `MTG__Color`
--
ALTER TABLE `MTG__Color`
  ADD PRIMARY KEY (`ColorId`);

--
-- Indexes for table `MTG__Set`
--
ALTER TABLE `MTG__Set`
  ADD PRIMARY KEY (`SetId`);

--
-- Indexes for table `MTG__Type`
--
ALTER TABLE `MTG__Type`
  ADD PRIMARY KEY (`TypeId`);

--
-- Indexes for table `MTG__Users`
--
ALTER TABLE `MTG__Users`
  ADD UNIQUE KEY `UserId` (`UserId`);

--
-- AUTO_INCREMENT for dumped tables
--

--
-- AUTO_INCREMENT for table `MTG__Card`
--
ALTER TABLE `MTG__Card`
  MODIFY `CardId` int(11) UNSIGNED NOT NULL AUTO_INCREMENT, AUTO_INCREMENT=20;

--
-- AUTO_INCREMENT for table `MTG__Color`
--
ALTER TABLE `MTG__Color`
  MODIFY `ColorId` int(11) NOT NULL AUTO_INCREMENT, AUTO_INCREMENT=8;

--
-- AUTO_INCREMENT for table `MTG__Set`
--
ALTER TABLE `MTG__Set`
  MODIFY `SetId` int(11) NOT NULL AUTO_INCREMENT, AUTO_INCREMENT=4;

--
-- AUTO_INCREMENT for table `MTG__Type`
--
ALTER TABLE `MTG__Type`
  MODIFY `TypeId` int(11) NOT NULL AUTO_INCREMENT, AUTO_INCREMENT=13;

--
-- AUTO_INCREMENT for table `MTG__Users`
--
ALTER TABLE `MTG__Users`
  MODIFY `UserId` int(10) UNSIGNED NOT NULL AUTO_INCREMENT, AUTO_INCREMENT=9;
COMMIT;

/*!40101 SET CHARACTER_SET_CLIENT=@OLD_CHARACTER_SET_CLIENT */;
/*!40101 SET CHARACTER_SET_RESULTS=@OLD_CHARACTER_SET_RESULTS */;
/*!40101 SET COLLATION_CONNECTION=@OLD_COLLATION_CONNECTION */;
